{
    "unique_symbols": {
        "wofz": {
            "__class__": "Callable",
            "__name__": "wofz",
            "pyversion": "3.10",
            "value": null,
            "importer": "scipy.special._ufuncs"
        },
        "tau_3": 1120.8632869044243,
        "inf": Infinity,
        "bnz_00": 16.56103513822255,
        "False": 0,
        "c_1": 6.417656834629573e+39,
        "e": 2.718281828459045,
        "b2_00": 0,
        "bnz_11": 16.56103513822255,
        "b3_1": 14.7024236133427,
        "b1_01": 0,
        "nan": NaN,
        "infty": Infinity,
        "erf": {
            "__class__": "Callable",
            "__name__": "erf",
            "pyversion": "3.10",
            "value": null,
            "importer": "scipy.special._ufuncs"
        },
        "tau_1": 6.1382640553376655,
        "b1_00": 0,
        "bnz_0": 14.7024236133427,
        "b1_0": 14.7024236133427,
        "b1_1": 14.7024236133427,
        "Inf": Infinity,
        "b2_1": 14.7024236133427,
        "gamfcn": {
            "__class__": "Callable",
            "__name__": "gamma",
            "pyversion": "3.10",
            "value": null,
            "importer": "scipy.special._ufuncs"
        },
        "f1": 0.11615887418624975,
        "True": 1,
        "b2_11": 16.8966757744958,
        "pi": 3.141592653589793,
        "bnz_10": 16.56103513822255,
        "b1_11": 16.6913819054599,
        "tau_nz": 4.436380967668632,
        "b2_10": 0,
        "bnz_01": 16.56103513822255,
        "c_3": 3.970278820371939e+37,
        "erfc": {
            "__class__": "Callable",
            "__name__": "erfc",
            "pyversion": "3.10",
            "value": null,
            "importer": "scipy.special._ufuncs"
        },
        "tau_2": 243.15811524981723,
        "little_endian": 1,
        "b1_10": 15.9455058359812,
        "bnz_1": 14.7024236133427,
        "c_2": 2.5349608309059422e+39,
        "newaxis": null,
        "NAN": NaN,
        "b2_01": 16.7105770369533,
        "b2_0": 14.7024236133427,
        "None": null,
        "c_nz": 7.228582289516942e+37,
        "b3_0": 0
    },
    "params": [
        [
            "tau_1",
            6.1382640553376655,
            false,
            null,
            0.1,
            100,
            null,
            0,
            null,
            6.1382640553376655,
            null
        ],
        [
            "tau_2",
            243.15811524981723,
            false,
            null,
            50,
            600,
            null,
            0,
            null,
            243.15811524981723,
            null
        ],
        [
            "tau_nz",
            4.436380967668632,
            false,
            null,
            0.5,
            40.0,
            null,
            0,
            null,
            4.436380967668632,
            null
        ],
        [
            "c_1",
            6.417656834629573e+39,
            false,
            null,
            6.417656834629573e+38,
            6.417656834629573e+40,
            null,
            0,
            null,
            6.417656834629573e+39,
            null
        ],
        [
            "c_2",
            2.5349608309059422e+39,
            false,
            null,
            2.5349608309059423e+38,
            2.534960830905942e+40,
            null,
            0,
            null,
            2.5349608309059422e+39,
            null
        ],
        [
            "c_nz",
            7.228582289516942e+37,
            false,
            null,
            7.228582289516942e+37,
            7.228582289516942e+40,
            null,
            0,
            null,
            7.228582289516942e+37,
            null
        ],
        [
            "f1",
            0.11615887418624975,
            false,
            null,
            0.01,
            0.4,
            null,
            0,
            null,
            0.11615887418624975,
            null
        ],
        [
            "b1_0",
            14.7024236133427,
            false,
            null,
            -Infinity,
            Infinity,
            null,
            0,
            null,
            14.7024236133427,
            null
        ],
        [
            "b2_0",
            14.7024236133427,
            false,
            null,
            -Infinity,
            Infinity,
            null,
            0,
            null,
            14.7024236133427,
            null
        ],
        [
            "b3_0",
            0,
            false,
            null,
            -Infinity,
            Infinity,
            null,
            0,
            null,
            0,
            null
        ],
        [
            "bnz_0",
            14.7024236133427,
            false,
            null,
            -Infinity,
            Infinity,
            null,
            0,
            null,
            14.7024236133427,
            null
        ],
        [
            "b1_1",
            14.7024236133427,
            false,
            null,
            -Infinity,
            Infinity,
            null,
            0,
            null,
            14.7024236133427,
            null
        ],
        [
            "b2_1",
            14.7024236133427,
            false,
            null,
            -Infinity,
            Infinity,
            null,
            0,
            null,
            14.7024236133427,
            null
        ],
        [
            "b3_1",
            14.7024236133427,
            false,
            null,
            -Infinity,
            Infinity,
            null,
            0,
            null,
            14.7024236133427,
            null
        ],
        [
            "bnz_1",
            14.7024236133427,
            false,
            null,
            -Infinity,
            Infinity,
            null,
            0,
            null,
            14.7024236133427,
            null
        ],
        [
            "tau_3",
            1120.8632869044243,
            true,
            null,
            10,
            3000,
            null,
            20.419778396942966,
            {},
            597,
            null
        ],
        [
            "c_3",
            3.970278820371939e+37,
            false,
            null,
            -Infinity,
            Infinity,
            null,
            0,
            null,
            3.970278820371939e+37,
            null
        ]
    ]
}