{
    "unique_symbols": {
        "c_nz": 8.594552635124304e+38,
        "erfc": {
            "__class__": "Callable",
            "__name__": "erfc",
            "pyversion": "3.10",
            "value": null,
            "importer": "scipy.special._ufuncs"
        },
        "NAN": NaN,
        "bnz_01": 16.56103513822255,
        "infty": Infinity,
        "tau_nz": 4.847787033337248,
        "b2_1": 14.7024236133427,
        "c_2": 2.5349608309059422e+39,
        "newaxis": null,
        "b3_1": 14.7024236133427,
        "b1_0": 14.7024236133427,
        "b1_10": 15.9455058359812,
        "None": null,
        "bnz_10": 16.56103513822255,
        "b2_10": 0,
        "inf": Infinity,
        "bnz_00": 16.56103513822255,
        "b3_0": 0,
        "b2_01": 16.7105770369533,
        "bnz_0": 14.7024236133427,
        "bnz_11": 16.56103513822255,
        "b2_00": 0,
        "tau_3": 1123.8131265067013,
        "erf": {
            "__class__": "Callable",
            "__name__": "erf",
            "pyversion": "3.10",
            "value": null,
            "importer": "scipy.special._ufuncs"
        },
        "c_1": 6.417656834629573e+39,
        "tau_1": 5.847223861458646,
        "e": 2.718281828459045,
        "wofz": {
            "__class__": "Callable",
            "__name__": "wofz",
            "pyversion": "3.10",
            "value": null,
            "importer": "scipy.special._ufuncs"
        },
        "bnz_1": 14.7024236133427,
        "False": 0,
        "little_endian": 1,
        "b1_11": 16.6913819054599,
        "pi": 3.141592653589793,
        "b1_01": 0,
        "gamfcn": {
            "__class__": "Callable",
            "__name__": "gamma",
            "pyversion": "3.10",
            "value": null,
            "importer": "scipy.special._ufuncs"
        },
        "b1_00": 0,
        "b2_11": 16.8966757744958,
        "b1_1": 14.7024236133427,
        "Inf": Infinity,
        "nan": NaN,
        "True": 1,
        "c_3": 3.970278820371939e+37,
        "b2_0": 14.7024236133427,
        "tau_2": 246.81505309083897
    },
    "params": [
        [
            "tau_1",
            5.847223861458646,
            false,
            null,
            0.1,
            200,
            null,
            0,
            null,
            5.847223861458646,
            null
        ],
        [
            "tau_2",
            246.81505309083897,
            false,
            null,
            10,
            2000,
            null,
            0,
            null,
            246.81505309083897,
            null
        ],
        [
            "tau_nz",
            4.847787033337248,
            false,
            null,
            0.005,
            100.0,
            null,
            0,
            null,
            4.847787033337248,
            null
        ],
        [
            "c_1",
            6.417656834629573e+39,
            false,
            null,
            -Infinity,
            Infinity,
            null,
            0,
            null,
            6.417656834629573e+39,
            null
        ],
        [
            "c_2",
            2.5349608309059422e+39,
            false,
            null,
            -Infinity,
            Infinity,
            null,
            0,
            null,
            2.5349608309059422e+39,
            null
        ],
        [
            "c_nz",
            8.594552635124304e+38,
            false,
            null,
            7.719875143659425e+34,
            7.719875143659425e+39,
            null,
            0,
            null,
            8.594552635124304e+38,
            null
        ],
        [
            "b1_0",
            14.7024236133427,
            false,
            null,
            -Infinity,
            Infinity,
            null,
            0,
            null,
            14.7024236133427,
            null
        ],
        [
            "b2_0",
            14.7024236133427,
            false,
            null,
            -Infinity,
            Infinity,
            null,
            0,
            null,
            14.7024236133427,
            null
        ],
        [
            "b3_0",
            0,
            false,
            null,
            -Infinity,
            Infinity,
            null,
            0,
            null,
            0,
            null
        ],
        [
            "bnz_0",
            14.7024236133427,
            false,
            null,
            -Infinity,
            Infinity,
            null,
            0,
            null,
            14.7024236133427,
            null
        ],
        [
            "b1_1",
            14.7024236133427,
            false,
            null,
            -Infinity,
            Infinity,
            null,
            0,
            null,
            14.7024236133427,
            null
        ],
        [
            "b2_1",
            14.7024236133427,
            false,
            null,
            -Infinity,
            Infinity,
            null,
            0,
            null,
            14.7024236133427,
            null
        ],
        [
            "b3_1",
            14.7024236133427,
            false,
            null,
            -Infinity,
            Infinity,
            null,
            0,
            null,
            14.7024236133427,
            null
        ],
        [
            "bnz_1",
            14.7024236133427,
            false,
            null,
            -Infinity,
            Infinity,
            null,
            0,
            null,
            14.7024236133427,
            null
        ],
        [
            "tau_3",
            1123.8131265067013,
            true,
            null,
            10,
            3000,
            null,
            8.786155645366174,
            {},
            1000,
            null
        ],
        [
            "c_3",
            3.970278820371939e+37,
            false,
            null,
            -Infinity,
            Infinity,
            null,
            0,
            null,
            3.970278820371939e+37,
            null
        ]
    ]
}