{
    "unique_symbols": {
        "True": 1,
        "b1_00": 0,
        "b1_11": 10.2418122845031,
        "inf": Infinity,
        "b2_11": 10.3847485963976,
        "little_endian": 1,
        "bnz_1": 10.16331028425,
        "infty": Infinity,
        "bnz_01": 10.121823240106277,
        "b2_10": 0,
        "gamfcn": {
            "__class__": "Callable",
            "__name__": "gamma",
            "pyversion": "3.10",
            "value": null,
            "importer": "scipy.special._ufuncs"
        },
        "tau_3": 597.0003285833342,
        "e": 2.718281828459045,
        "bnz_00": 10.121823240106277,
        "pi": 3.141592653589793,
        "None": null,
        "bnz_11": 10.121823240106277,
        "b1_1": 10.16331028425,
        "False": 0,
        "tau_nz": 2.774918943615098,
        "c_3": 3.970278820371939e+37,
        "bnz_0": 10.16331028425,
        "b2_01": 10.0714198749083,
        "b1_01": 0,
        "newaxis": null,
        "tau_1": 3.4804624398913946,
        "c_nz": 9.63810971935592e+37,
        "b1_0": 10.16331028425,
        "b1_10": 9.78931220461611,
        "f1": 0.150128716683279,
        "nan": NaN,
        "b2_0": 10.16331028425,
        "erf": {
            "__class__": "Callable",
            "__name__": "erf",
            "pyversion": "3.10",
            "value": null,
            "importer": "scipy.special._ufuncs"
        },
        "Inf": Infinity,
        "tau_2": 136.57231834572448,
        "erfc": {
            "__class__": "Callable",
            "__name__": "erfc",
            "pyversion": "3.10",
            "value": null,
            "importer": "scipy.special._ufuncs"
        },
        "b2_00": 0,
        "c_1": 6.591782359263198e+39,
        "c_2": 2.5349608309059422e+39,
        "wofz": {
            "__class__": "Callable",
            "__name__": "wofz",
            "pyversion": "3.10",
            "value": null,
            "importer": "scipy.special._ufuncs"
        },
        "NAN": NaN,
        "b2_1": 10.16331028425,
        "b3_1": 10.16331028425,
        "bnz_10": 10.121823240106277,
        "b3_0": 0
    },
    "params": [
        [
            "tau_1",
            3.4804624398913946,
            false,
            null,
            0.1,
            100,
            null,
            0,
            null,
            3.4804624398913946,
            null
        ],
        [
            "tau_2",
            136.57231834572448,
            false,
            null,
            50,
            600,
            null,
            0,
            null,
            136.57231834572448,
            null
        ],
        [
            "tau_nz",
            2.774918943615098,
            false,
            null,
            0.5,
            40.0,
            null,
            0,
            null,
            2.774918943615098,
            null
        ],
        [
            "c_1",
            6.591782359263198e+39,
            false,
            null,
            6.5917823592631984e+38,
            6.591782359263198e+40,
            null,
            0,
            null,
            6.591782359263198e+39,
            null
        ],
        [
            "c_2",
            2.5349608309059422e+39,
            false,
            null,
            2.5349608309059423e+38,
            2.534960830905942e+40,
            null,
            0,
            null,
            2.5349608309059422e+39,
            null
        ],
        [
            "c_nz",
            9.63810971935592e+37,
            false,
            null,
            9.63810971935592e+37,
            9.63810971935592e+40,
            null,
            0,
            null,
            9.63810971935592e+37,
            null
        ],
        [
            "f1",
            0.150128716683279,
            false,
            null,
            0.01,
            0.4,
            null,
            0,
            null,
            0.150128716683279,
            null
        ],
        [
            "b1_0",
            10.16331028425,
            false,
            null,
            -Infinity,
            Infinity,
            null,
            0,
            null,
            10.16331028425,
            null
        ],
        [
            "b2_0",
            10.16331028425,
            false,
            null,
            -Infinity,
            Infinity,
            null,
            0,
            null,
            10.16331028425,
            null
        ],
        [
            "b3_0",
            0,
            false,
            null,
            -Infinity,
            Infinity,
            null,
            0,
            null,
            0,
            null
        ],
        [
            "bnz_0",
            10.16331028425,
            false,
            null,
            -Infinity,
            Infinity,
            null,
            0,
            null,
            10.16331028425,
            null
        ],
        [
            "b1_1",
            10.16331028425,
            false,
            null,
            -Infinity,
            Infinity,
            null,
            0,
            null,
            10.16331028425,
            null
        ],
        [
            "b2_1",
            10.16331028425,
            false,
            null,
            -Infinity,
            Infinity,
            null,
            0,
            null,
            10.16331028425,
            null
        ],
        [
            "b3_1",
            10.16331028425,
            false,
            null,
            -Infinity,
            Infinity,
            null,
            0,
            null,
            10.16331028425,
            null
        ],
        [
            "bnz_1",
            10.16331028425,
            false,
            null,
            -Infinity,
            Infinity,
            null,
            0,
            null,
            10.16331028425,
            null
        ],
        [
            "tau_3",
            597.0003285833342,
            true,
            null,
            10,
            3000,
            null,
            0.45502926490923634,
            {},
            597,
            null
        ],
        [
            "c_3",
            3.970278820371939e+37,
            false,
            null,
            -Infinity,
            Infinity,
            null,
            0,
            null,
            3.970278820371939e+37,
            null
        ]
    ]
}