{
    "unique_symbols": {
        "f1": 0.14770049169847985,
        "gamfcn": {
            "__class__": "Callable",
            "__name__": "gamma",
            "pyversion": "3.10",
            "value": null,
            "importer": "scipy.special._ufuncs"
        },
        "tau_3": 877.0003316981991,
        "pi": 3.141592653589793,
        "b1_00": 0,
        "b1_1": 12.7643167623461,
        "c_nz": 8.433346004436432e+37,
        "c_3": 3.970278820371939e+37,
        "NAN": NaN,
        "nan": NaN,
        "bnz_10": 12.19102880036165,
        "False": 0,
        "c_1": 6.504719596946386e+39,
        "b1_10": 11.9568262870979,
        "erf": {
            "__class__": "Callable",
            "__name__": "erf",
            "pyversion": "3.10",
            "value": null,
            "importer": "scipy.special._ufuncs"
        },
        "newaxis": null,
        "bnz_01": 12.19102880036165,
        "wofz": {
            "__class__": "Callable",
            "__name__": "wofz",
            "pyversion": "3.10",
            "value": null,
            "importer": "scipy.special._ufuncs"
        },
        "b1_0": 12.7643167623461,
        "tau_1": 4.408553739162982,
        "b3_1": 12.7643167623461,
        "None": null,
        "bnz_11": 12.19102880036165,
        "infty": Infinity,
        "erfc": {
            "__class__": "Callable",
            "__name__": "erfc",
            "pyversion": "3.10",
            "value": null,
            "importer": "scipy.special._ufuncs"
        },
        "b2_01": 11.8019735404837,
        "e": 2.718281828459045,
        "True": 1,
        "tau_2": 175.84300256990576,
        "bnz_0": 12.7643167623461,
        "c_2": 2.5349608309059422e+39,
        "tau_nz": 3.9960454933602256,
        "little_endian": 1,
        "b2_1": 12.7643167623461,
        "Inf": Infinity,
        "b2_11": 12.5983874113819,
        "b2_00": 0,
        "bnz_1": 12.7643167623461,
        "b2_0": 12.7643167623461,
        "b3_0": 0,
        "bnz_00": 12.19102880036165,
        "b2_10": 0,
        "inf": Infinity,
        "b1_01": 0,
        "b1_11": 12.4069279624831
    },
    "params": [
        [
            "tau_1",
            4.408553739162982,
            false,
            null,
            0.1,
            100,
            null,
            0,
            null,
            4.408553739162982,
            null
        ],
        [
            "tau_2",
            175.84300256990576,
            false,
            null,
            50,
            600,
            null,
            0,
            null,
            175.84300256990576,
            null
        ],
        [
            "tau_nz",
            3.9960454933602256,
            false,
            null,
            0.5,
            40.0,
            null,
            0,
            null,
            3.9960454933602256,
            null
        ],
        [
            "c_1",
            6.504719596946386e+39,
            false,
            null,
            6.504719596946386e+38,
            6.504719596946386e+40,
            null,
            0,
            null,
            6.504719596946386e+39,
            null
        ],
        [
            "c_2",
            2.5349608309059422e+39,
            false,
            null,
            2.5349608309059423e+38,
            2.534960830905942e+40,
            null,
            0,
            null,
            2.5349608309059422e+39,
            null
        ],
        [
            "c_nz",
            8.433346004436432e+37,
            false,
            null,
            8.433346004436432e+37,
            8.433346004436432e+40,
            null,
            0,
            null,
            8.433346004436432e+37,
            null
        ],
        [
            "f1",
            0.14770049169847985,
            false,
            null,
            0.01,
            0.4,
            null,
            0,
            null,
            0.14770049169847985,
            null
        ],
        [
            "b1_0",
            12.7643167623461,
            false,
            null,
            -Infinity,
            Infinity,
            null,
            0,
            null,
            12.7643167623461,
            null
        ],
        [
            "b2_0",
            12.7643167623461,
            false,
            null,
            -Infinity,
            Infinity,
            null,
            0,
            null,
            12.7643167623461,
            null
        ],
        [
            "b3_0",
            0,
            false,
            null,
            -Infinity,
            Infinity,
            null,
            0,
            null,
            0,
            null
        ],
        [
            "bnz_0",
            12.7643167623461,
            false,
            null,
            -Infinity,
            Infinity,
            null,
            0,
            null,
            12.7643167623461,
            null
        ],
        [
            "b1_1",
            12.7643167623461,
            false,
            null,
            -Infinity,
            Infinity,
            null,
            0,
            null,
            12.7643167623461,
            null
        ],
        [
            "b2_1",
            12.7643167623461,
            false,
            null,
            -Infinity,
            Infinity,
            null,
            0,
            null,
            12.7643167623461,
            null
        ],
        [
            "b3_1",
            12.7643167623461,
            false,
            null,
            -Infinity,
            Infinity,
            null,
            0,
            null,
            12.7643167623461,
            null
        ],
        [
            "bnz_1",
            12.7643167623461,
            false,
            null,
            -Infinity,
            Infinity,
            null,
            0,
            null,
            12.7643167623461,
            null
        ],
        [
            "tau_3",
            877.0003316981991,
            true,
            null,
            10,
            3000,
            null,
            0.08724598933347587,
            {},
            877.0,
            null
        ],
        [
            "c_3",
            3.970278820371939e+37,
            false,
            null,
            -Infinity,
            Infinity,
            null,
            0,
            null,
            3.970278820371939e+37,
            null
        ]
    ]
}