{
    "unique_symbols": {
        "gamfcn": {
            "__class__": "Callable",
            "__name__": "gamma",
            "pyversion": "3.10",
            "value": null,
            "importer": "scipy.special._ufuncs"
        },
        "b2_11": 23.7377519585876,
        "erfc": {
            "__class__": "Callable",
            "__name__": "erfc",
            "pyversion": "3.10",
            "value": null,
            "importer": "scipy.special._ufuncs"
        },
        "True": 1,
        "NAN": NaN,
        "bnz_00": 22.12372994104422,
        "b3_1": 24.8410017143451,
        "b2_1": 24.8410017143451,
        "c_1": 6.33059407231276e+39,
        "b2_0": 24.8410017143451,
        "c_3": 3.970278820371939e+37,
        "bnz_0": 24.8410017143451,
        "c_nz": 6.023818574597452e+37,
        "b1_00": 0,
        "bnz_01": 22.12372994104422,
        "bnz_11": 22.12372994104422,
        "b1_0": 24.8410017143451,
        "False": 0,
        "wofz": {
            "__class__": "Callable",
            "__name__": "wofz",
            "pyversion": "3.10",
            "value": null,
            "importer": "scipy.special._ufuncs"
        },
        "b2_00": 0,
        "inf": Infinity,
        "e": 2.718281828459045,
        "little_endian": 1,
        "tau_3": 1534.5218270649227,
        "Inf": Infinity,
        "b2_01": 22.3341747938204,
        "b1_01": 0,
        "infty": Infinity,
        "erf": {
            "__class__": "Callable",
            "__name__": "erf",
            "pyversion": "3.10",
            "value": null,
            "importer": "scipy.special._ufuncs"
        },
        "tau_1": 9.730545999867271,
        "tau_2": 338.4351711983343,
        "nan": NaN,
        "b3_0": 0,
        "b1_11": 21.7938513623223,
        "newaxis": null,
        "b1_1": 24.8410017143451,
        "tau_nz": 5.446294877768185,
        "None": null,
        "bnz_10": 22.12372994104422,
        "pi": 3.141592653589793,
        "c_2": 2.5349608309059422e+39,
        "bnz_1": 24.8410017143451,
        "b1_10": 20.6291416494466,
        "f1": 0.10888960948676757,
        "b2_10": 0
    },
    "params": [
        [
            "tau_1",
            9.730545999867271,
            false,
            null,
            0.1,
            100,
            null,
            0,
            null,
            9.730545999867271,
            null
        ],
        [
            "tau_2",
            338.4351711983343,
            false,
            null,
            50,
            600,
            null,
            0,
            null,
            338.4351711983343,
            null
        ],
        [
            "tau_nz",
            5.446294877768185,
            false,
            null,
            0.5,
            40.0,
            null,
            0,
            null,
            5.446294877768185,
            null
        ],
        [
            "c_1",
            6.33059407231276e+39,
            false,
            null,
            6.33059407231276e+38,
            6.3305940723127605e+40,
            null,
            0,
            null,
            6.33059407231276e+39,
            null
        ],
        [
            "c_2",
            2.5349608309059422e+39,
            false,
            null,
            2.5349608309059423e+38,
            2.534960830905942e+40,
            null,
            0,
            null,
            2.5349608309059422e+39,
            null
        ],
        [
            "c_nz",
            6.023818574597452e+37,
            false,
            null,
            6.023818574597452e+37,
            6.023818574597452e+40,
            null,
            0,
            null,
            6.023818574597452e+37,
            null
        ],
        [
            "f1",
            0.10888960948676757,
            false,
            null,
            0.01,
            0.4,
            null,
            0,
            null,
            0.10888960948676757,
            null
        ],
        [
            "b1_0",
            24.8410017143451,
            false,
            null,
            -Infinity,
            Infinity,
            null,
            0,
            null,
            24.8410017143451,
            null
        ],
        [
            "b2_0",
            24.8410017143451,
            false,
            null,
            -Infinity,
            Infinity,
            null,
            0,
            null,
            24.8410017143451,
            null
        ],
        [
            "b3_0",
            0,
            false,
            null,
            -Infinity,
            Infinity,
            null,
            0,
            null,
            0,
            null
        ],
        [
            "bnz_0",
            24.8410017143451,
            false,
            null,
            -Infinity,
            Infinity,
            null,
            0,
            null,
            24.8410017143451,
            null
        ],
        [
            "b1_1",
            24.8410017143451,
            false,
            null,
            -Infinity,
            Infinity,
            null,
            0,
            null,
            24.8410017143451,
            null
        ],
        [
            "b2_1",
            24.8410017143451,
            false,
            null,
            -Infinity,
            Infinity,
            null,
            0,
            null,
            24.8410017143451,
            null
        ],
        [
            "b3_1",
            24.8410017143451,
            false,
            null,
            -Infinity,
            Infinity,
            null,
            0,
            null,
            24.8410017143451,
            null
        ],
        [
            "bnz_1",
            24.8410017143451,
            false,
            null,
            -Infinity,
            Infinity,
            null,
            0,
            null,
            24.8410017143451,
            null
        ],
        [
            "tau_3",
            1534.5218270649227,
            true,
            null,
            10,
            3000,
            null,
            10.422549942205714,
            {},
            597,
            null
        ],
        [
            "c_3",
            3.970278820371939e+37,
            false,
            null,
            -Infinity,
            Infinity,
            null,
            0,
            null,
            3.970278820371939e+37,
            null
        ]
    ]
}